region_standard,year,total,18_30,31_40,41_50,51_60,60_
Алтайский край,2017,180668.18181818182,8592.636363636364,13534.181818181818,14022.181818181818,29528.545454545456,114990.63636363637
Алтайский край,2018,176683.58333333334,7944.833333333333,13509.166666666666,14555.25,27651.666666666668,113022.66666666667
Алтайский край,2019,175006.41666666666,7430.333333333333,13501.333333333334,15197.416666666666,26015.916666666668,112861.41666666667
Алтайский край,2020,171734.75,7134.416666666667,13449.583333333334,15737.0,24353.666666666668,111060.08333333333
Алтайский край,2021,165563.83333333334,7214.0,13239.75,16381.083333333334,22628.0,106101.0
Амурская область,2017,68026.25,3564.1666666666665,5284.666666666667,6243.333333333333,12241.25,40692.833333333336
Амурская область,2018,66420.83333333333,3339.3333333333335,5337.916666666667,6254.75,11380.5,40108.333333333336
Амурская область,2019,65474.416666666664,3233.3333333333335,5345.083333333333,6259.916666666667,10692.666666666666,39943.416666666664
Амурская область,2020,63897.333333333336,3228.3333333333335,5241.416666666667,6336.916666666667,9876.083333333334,39214.583333333336
Амурская область,2021,61144.333333333336,3270.5,5109.083333333333,6333.333333333333,9112.5,37318.916666666664
Архангельская область,2017,88074.0,3387.0,5170.416666666667,6700.416666666667,13456.833333333334,59359.333333333336
Архангельская область,2018,86545.16666666667,3153.3333333333335,5128.833333333333,6717.333333333333,12877.333333333334,58668.333333333336
Архангельская область,2019,85980.5,2965.5833333333335,5178.583333333333,6827.833333333333,12360.916666666666,58647.583333333336
Архангельская область,2020,84715.33333333333,2887.0,5154.166666666667,6987.25,11774.5,57912.416666666664
Архангельская область,2021,81582.75,2934.4166666666665,5132.5,7152.5,11077.333333333334,55286.0
Астраханская область,2017,44452.166666666664,3064.0,3958.75,4733.833333333333,8908.833333333334,23786.75
Астраханская область,2018,43800.083333333336,2881.75,3960.9166666666665,4704.75,8588.416666666666,23664.25
Астраханская область,2019,43600.0,2730.75,3977.0833333333335,4742.916666666667,8243.583333333334,23905.666666666668
Астраханская область,2020,43390.583333333336,2664.6666666666665,3995.3333333333335,4914.166666666667,7915.416666666667,23901.0
Астраханская область,2021,42586.583333333336,2691.8333333333335,4009.0,5063.666666666667,7598.25,23223.833333333332
Белгородская область,2017,218812.91666666666,6087.083333333333,10263.083333333334,16180.25,36412.583333333336,149869.91666666666
Белгородская область,2018,210249.58333333334,5595.166666666667,10046.0,15496.916666666666,34092.416666666664,145019.08333333334
Белгородская область,2019,203847.16666666666,5296.416666666667,9865.083333333334,15238.833333333334,32093.166666666668,141353.66666666666
Белгородская область,2020,196594.08333333334,5034.583333333333,9576.916666666666,14979.25,30043.583333333332,136959.75
Белгородская область,2021,187696.83333333334,4920.416666666667,9313.75,14789.75,27934.083333333332,130738.83333333333
Брянская область,2017,109693.41666666667,4098.166666666667,6521.666666666667,10130.5,21214.333333333332,67728.75
Брянская область,2018,108158.91666666667,3845.5833333333335,6439.333333333333,9962.0,20327.25,67584.75
Брянская область,2019,107221.75,3625.3333333333335,6427.0,9881.833333333334,19292.416666666668,67995.16666666667
Брянская область,2020,105172.75,3460.3333333333335,6272.583333333333,9699.166666666666,18248.333333333332,67492.33333333333
Брянская область,2021,102120.5,3407.5833333333335,6166.916666666667,9701.75,17258.416666666668,65585.83333333333
Владимирская область,2017,131252.16666666666,4288.916666666667,6766.916666666667,9455.416666666666,22562.583333333332,88178.33333333333
Владимирская область,2018,127306.83333333333,3984.0,6758.583333333333,9347.333333333334,20981.583333333332,86235.33333333333
Владимирская область,2019,124955.83333333333,3829.5,6798.666666666667,9458.833333333334,19727.0,85141.83333333333
Владимирская область,2020,121322.08333333333,3722.0833333333335,6672.5,9482.416666666666,18291.25,83153.83333333333
Владимирская область,2021,116680.41666666667,3710.5833333333335,6633.75,9580.833333333334,17076.416666666668,79678.83333333333
Волгоградская область,2017,179625.91666666666,7582.916666666667,11990.5,16523.416666666668,32059.75,111469.33333333333
Волгоградская область,2018,175769.75,7060.833333333333,12009.25,16490.5,30944.75,109264.41666666667
Волгоградская область,2019,174406.41666666666,6681.0,11987.083333333334,16674.583333333332,30176.666666666668,108887.08333333333
Волгоградская область,2020,170878.58333333334,6402.666666666667,11844.916666666666,16796.416666666668,29060.916666666668,106773.66666666667
Волгоградская область,2021,164041.66666666666,6281.833333333333,11629.166666666666,16803.0,27554.5,101773.16666666667
Вологодская область,2017,103418.25,3216.5833333333335,5386.25,7077.416666666667,18018.25,69719.75
Вологодская область,2018,99245.75,2982.5,5317.583333333333,6923.916666666667,16607.166666666668,67414.58333333333
Вологодская область,2019,96071.91666666667,2817.25,5297.0,6983.0,15341.916666666666,65632.75
Вологодская область,2020,92728.5,2787.5,5225.416666666667,7135.416666666667,14204.5,63375.666666666664
Вологодская область,2021,89174.5,2894.1666666666665,5188.75,7308.083333333333,13334.75,60448.75
Воронежская область,2017,219185.75,7519.916666666667,11500.333333333334,17695.75,44546.583333333336,137923.16666666666
Воронежская область,2018,216893.25,7153.833333333333,11680.0,17566.916666666668,42288.583333333336,138203.91666666666
Воронежская область,2019,217038.33333333334,6898.833333333333,11941.166666666666,17901.666666666668,40539.5,139757.16666666666
Воронежская область,2020,215079.08333333334,6676.5,12030.5,17995.583333333332,38393.0,139983.5
Воронежская область,2021,209408.75,6579.25,11929.333333333334,18099.916666666668,35833.0,136967.25
Еврейская автономная область,2017,13124.75,839.1666666666666,1186.5,1220.5,2057.5,7821.083333333333
Еврейская автономная область,2018,12709.833333333334,749.5,1183.75,1223.25,1939.5833333333333,7613.75
Еврейская автономная область,2019,12656.333333333334,696.5,1202.4166666666667,1292.6666666666667,1844.75,7620.0
Еврейская автономная область,2020,12460.333333333334,674.8333333333334,1182.5833333333333,1371.3333333333333,1767.3333333333333,7464.25
Еврейская автономная область,2021,12082.666666666666,636.25,1184.25,1432.0,1666.4166666666667,7163.75
Забайкальский край,2017,81385.16666666667,5087.833333333333,7048.75,7560.5,13949.083333333334,47739.0
Забайкальский край,2018,79510.33333333333,4772.25,7135.916666666667,7758.166666666667,13100.083333333334,46743.916666666664
Забайкальский край,2019,78670.75,4537.416666666667,7209.75,7966.25,12321.416666666666,46635.916666666664
Забайкальский край,2020,76895.58333333333,4367.833333333333,7183.5,8157.75,11583.833333333334,45602.666666666664
Забайкальский край,2021,74825.08333333333,4327.083333333333,7183.333333333333,8438.583333333334,11081.25,43794.833333333336
Ивановская область,2017,81616.16666666667,3065.6666666666665,4648.25,6285.083333333333,13162.916666666666,54454.25
Ивановская область,2018,79432.83333333333,2847.1666666666665,4616.416666666667,6242.75,12428.333333333334,53298.166666666664
Ивановская область,2019,78351.5,2685.5833333333335,4581.916666666667,6330.083333333333,11879.583333333334,52874.333333333336
Ивановская область,2020,76565.08333333333,2594.1666666666665,4588.333333333333,6419.5,11364.5,51598.583333333336
Ивановская область,2021,74308.41666666667,2589.4166666666665,4590.583333333333,6605.25,10931.416666666666,49591.75
Иркутская область,2017,213828.5,15700.416666666666,19602.333333333332,21328.583333333332,39288.25,117908.91666666667
Иркутская область,2018,208733.66666666666,14156.0,19547.916666666668,21184.583333333332,36687.916666666664,117157.25
Иркутская область,2019,209976.83333333334,13754.333333333334,20389.5,22054.333333333332,35442.0,118336.66666666667
Иркутская область,2020,207112.25,13136.416666666666,20494.5,22455.416666666668,33724.0,117301.91666666667
Иркутская область,2021,201445.0,12635.416666666666,20494.583333333332,22942.833333333332,31831.0,113541.16666666667
Кабардино-Балкарская Республика,2017,57123.416666666664,3983.0,4710.583333333333,7588.25,14431.666666666666,26409.916666666668
Кабардино-Балкарская Республика,2018,56781.25,3866.9166666666665,4867.25,7369.0,14168.583333333334,26509.5
Кабардино-Балкарская Республика,2019,57328.5,3783.9166666666665,5063.083333333333,7280.583333333333,14091.5,27109.416666666668
Кабардино-Балкарская Республика,2020,56902.0,3719.1666666666665,5186.416666666667,7118.583333333333,13727.083333333334,27150.75
Кабардино-Балкарская Республика,2021,55737.916666666664,3708.5,5209.416666666667,6975.833333333333,13092.25,26751.916666666668
Калининградская область,2017,72364.08333333333,3022.0833333333335,4457.083333333333,5922.75,12170.583333333334,46791.583333333336
Калининградская область,2018,70929.16666666667,2874.25,4451.166666666667,5916.333333333333,11583.5,46103.916666666664
Калининградская область,2019,69634.16666666667,2716.0833333333335,4398.416666666667,5807.666666666667,10906.416666666666,45805.583333333336
Калининградская область,2020,67765.83333333333,2619.0,4372.583333333333,5870.5,10320.416666666666,44583.333333333336
Калининградская область,2021,65153.0,2614.8333333333335,4308.833333333333,5919.916666666667,9694.833333333334,42614.583333333336
Калужская область,2017,78055.41666666667,3346.3333333333335,4810.666666666667,6162.666666666667,13826.166666666666,49909.583333333336
Калужская область,2018,77061.66666666667,3169.0,4825.25,6194.083333333333,13232.416666666666,49640.916666666664
Калужская область,2019,77154.08333333333,3045.0833333333335,4902.75,6436.416666666667,12695.083333333334,50074.75
Калужская область,2020,76169.5,2948.6666666666665,4883.166666666667,6602.583333333333,12109.916666666666,49625.166666666664
Калужская область,2021,74632.75,2931.8333333333335,4924.833333333333,6807.0,11645.083333333334,48324.0
Камчатский край,2017,13664.666666666666,918.4166666666666,1181.3333333333333,1535.0,2446.0,7583.916666666667
Камчатский край,2018,13376.083333333334,876.6666666666666,1201.75,1538.9166666666667,2324.1666666666665,7434.583333333333
Камчатский край,2019,13735.333333333334,839.75,1221.25,1561.5833333333333,2297.5833333333335,7815.166666666667
Камчатский край,2020,13385.583333333334,816.0,1203.3333333333333,1559.4166666666667,2212.9166666666665,7593.916666666667
Камчатский край,2021,12865.0,799.25,1189.3333333333333,1583.0,2117.3333333333335,7176.083333333333
Карачаево-Черкесская Республика,2017,49606.166666666664,3863.0,4471.916666666667,7750.25,13726.25,19794.75
Карачаево-Черкесская Республика,2018,49832.916666666664,3766.25,4612.0,7634.583333333333,13425.333333333334,20394.75
Карачаево-Черкесская Республика,2019,51024.083333333336,3808.3333333333335,4884.583333333333,7682.083333333333,13255.916666666666,21393.166666666668
Карачаево-Черкесская Республика,2020,51544.5,3763.0833333333335,5093.75,7668.833333333333,12928.25,22090.583333333332
Карачаево-Черкесская Республика,2021,51472.666666666664,3736.25,5261.333333333333,7689.666666666667,12306.916666666666,22478.5
Кемеровская область,2017,231103.66666666666,11317.416666666666,17494.25,20748.166666666668,46437.083333333336,135106.75
Кемеровская область,2018,216615.25,10024.25,16886.083333333332,20097.666666666668,40682.583333333336,128924.66666666667
Кемеровская область,2019,221481.25,9742.416666666666,17352.5,21249.916666666668,38998.416666666664,134138.0
Кемеровская область,2020,215539.91666666666,9157.166666666666,17109.333333333332,21361.666666666668,35637.25,132274.5
Кемеровская область,2021,208638.91666666666,9075.666666666666,16846.833333333332,21723.583333333332,32740.833333333332,128252.0
Кировская область,2017,128391.83333333333,4185.916666666667,6174.75,7656.416666666667,19720.416666666668,90654.33333333333
Кировская область,2018,124827.91666666667,3818.0833333333335,6261.666666666667,7666.0,18209.333333333332,88872.83333333333
Кировская область,2019,122279.0,3567.5833333333335,6314.833333333333,7789.333333333333,16817.583333333332,87789.66666666667
Кировская область,2020,119749.75,3409.9166666666665,6309.416666666667,7996.666666666667,15476.666666666666,86557.08333333333
Кировская область,2021,114778.33333333333,3289.8333333333335,6279.333333333333,8182.5,14389.5,82637.16666666667
Костромская область,2017,63271.0,2366.5833333333335,3771.0833333333335,4959.583333333333,11938.333333333334,40235.416666666664
Костромская область,2018,61182.583333333336,2163.6666666666665,3774.0,4812.25,11116.833333333334,39315.833333333336
Костромская область,2019,59600.916666666664,2039.0,3761.6666666666665,4722.916666666667,10345.333333333334,38732.0
Костромская область,2020,57721.166666666664,1916.75,3722.75,4678.916666666667,9504.5,37898.25
Костромская область,2021,55180.583333333336,1844.9166666666667,3635.9166666666665,4705.416666666667,8668.166666666666,36326.166666666664
Краснодарский край,2017,423260.9090909091,19298.545454545456,26302.18181818182,37900.36363636364,78150.90909090909,261608.9090909091
Краснодарский край,2018,426189.75,18649.916666666668,27195.166666666668,38734.333333333336,77036.0,264574.3333333333
Краснодарский край,2019,430170.6666666667,18369.416666666668,27953.0,40067.75,75420.91666666667,268359.5833333333
Краснодарский край,2020,428508.4166666667,18221.0,28276.666666666668,40962.25,72811.33333333333,268237.1666666667
Краснодарский край,2021,419381.5833333333,18656.083333333332,28178.916666666668,41667.333333333336,69346.16666666667,261533.08333333334
Красноярский край,2017,179311.81818181818,10941.90909090909,15541.0,17503.090909090908,34691.09090909091,100634.72727272728
Красноярский край,2018,182805.41666666666,10366.666666666666,15931.833333333334,18329.25,34168.0,104009.66666666667
Красноярский край,2019,180534.91666666666,9970.25,16029.166666666666,18959.166666666668,32411.833333333332,103164.5
Красноярский край,2020,181371.83333333334,9870.083333333334,16107.166666666666,19783.916666666668,31388.916666666668,104221.75
Красноярский край,2021,178782.91666666666,10001.5,16031.083333333334,20468.333333333332,30043.416666666668,102238.58333333333
Курганская область,2017,75686.66666666667,3356.5,4921.666666666667,6255.416666666667,13715.666666666666,47437.416666666664
Курганская область,2018,74251.58333333333,3111.8333333333335,4991.75,6267.75,12934.5,46945.75
Курганская область,2019,73100.58333333333,2974.6666666666665,4977.0,6322.833333333333,12066.5,46759.583333333336
Курганская область,2020,71866.66666666667,2894.8333333333335,4961.583333333333,6364.5,11395.416666666666,46250.333333333336
Курганская область,2021,69773.33333333333,2858.6666666666665,4953.25,6454.583333333333,10769.416666666666,44737.416666666664
Курская область,2017,120248.08333333333,5450.833333333333,8522.583333333334,13438.333333333334,28024.916666666668,64811.416666666664
Курская область,2018,119233.66666666667,5108.833333333333,8654.666666666666,13347.0,26916.416666666668,65206.75
Курская область,2019,119300.41666666667,4924.75,8666.75,13501.333333333334,25833.583333333332,66374.0
Курская область,2020,118291.16666666667,4804.833333333333,8571.166666666666,13534.0,24544.333333333332,66836.83333333333
Курская область,2021,115518.08333333333,4702.75,8494.166666666666,13408.5,23221.166666666668,65691.5
Ленинградская область,2017,144254.33333333334,4885.166666666667,7699.416666666667,9939.0,23307.916666666668,98422.83333333333
Ленинградская область,2018,141081.66666666666,4560.833333333333,7755.25,10060.583333333334,21901.916666666668,96803.08333333333
Ленинградская область,2019,137613.75,4279.333333333333,7694.5,10044.25,20269.666666666668,95326.0
Ленинградская область,2020,131260.58333333334,3795.25,7342.666666666667,9756.25,18478.5,91887.91666666667
Ленинградская область,2021,124774.91666666667,3522.1666666666665,7169.416666666667,9803.916666666666,17104.583333333332,87174.83333333333
Липецкая область,2017,123266.08333333333,4436.916666666667,6769.166666666667,10180.333333333334,24124.333333333332,77755.33333333333
Липецкая область,2018,119909.25,4043.8333333333335,6730.666666666667,9923.083333333334,22412.916666666668,76798.75
Липецкая область,2019,117438.41666666667,3787.1666666666665,6680.0,9779.75,20938.416666666668,76253.08333333333
Липецкая область,2020,114273.33333333333,3669.8333333333335,6634.666666666667,9705.166666666666,19430.333333333332,74833.33333333333
Липецкая область,2021,109791.75,3633.5833333333335,6578.333333333333,9643.666666666666,18071.583333333332,71864.58333333333
Магаданская область,2017,5053.25,402.6666666666667,592.5833333333334,666.1666666666666,1071.0833333333333,2320.75
Магаданская область,2018,4988.916666666667,372.0833333333333,585.9166666666666,663.6666666666666,1036.4166666666667,2330.8333333333335
Магаданская область,2019,4996.166666666667,338.8333333333333,583.75,677.8333333333334,981.25,2414.5
Магаданская область,2020,5034.583333333333,324.6666666666667,588.4166666666666,694.8333333333334,950.0,2476.6666666666665
Магаданская область,2021,4954.916666666667,335.6666666666667,574.6666666666666,722.0,901.0,2421.5833333333335
Москва,2017,1056878.4166666667,30908.416666666668,42347.75,65747.33333333333,158559.0,759315.9166666666
Москва,2018,1040547.6666666666,30112.833333333332,43497.833333333336,65331.583333333336,151752.0,749853.4166666666
Москва,2019,1021982.5833333334,28735.083333333332,43749.25,64451.666666666664,143273.33333333334,741773.25
Москва,2020,991724.6666666666,28924.5,44482.5,64597.166666666664,135048.33333333334,718672.1666666666
Москва,2021,950767.0833333334,29871.083333333332,45090.166666666664,65112.416666666664,127551.25,683142.1666666666
Московская область,2017,426313.0833333333,17846.333333333332,25424.333333333332,33384.0,72172.16666666667,277486.25
Московская область,2018,426113.9166666667,17109.416666666668,26106.5,34175.0,70129.25,278593.75
Московская область,2019,421247.0,16528.666666666668,26331.416666666668,35136.833333333336,67882.33333333333,275367.75
Московская область,2020,412642.4166666667,15927.25,26297.166666666668,35589.166666666664,65010.5,269818.3333333333
Московская область,2021,399921.6666666667,15970.166666666666,26277.25,36466.333333333336,62186.166666666664,259021.75
Мурманская область,2017,29210.916666666668,1629.8333333333333,2288.8333333333335,2961.5,4807.083333333333,17523.666666666668
Мурманская область,2018,28440.833333333332,1535.8333333333333,2333.1666666666665,3005.25,4639.75,16926.833333333332
Мурманская область,2019,28502.666666666668,1505.0,2396.0,3120.6666666666665,4471.75,17009.25
Мурманская область,2020,28342.583333333332,1506.6666666666667,2444.75,3250.75,4408.916666666667,16731.5
Мурманская область,2021,27412.0,1540.25,2445.3333333333335,3329.3333333333335,4309.833333333333,15787.25
Ненецкий автономный округ,2017,2915.5,147.33333333333334,205.75,277.6666666666667,554.1666666666666,1730.5833333333333
Ненецкий автономный округ,2018,2905.0833333333335,132.66666666666666,214.83333333333334,281.6666666666667,537.1666666666666,1738.75
Ненецкий автономный округ,2019,2918.75,131.5,221.83333333333334,293.9166666666667,520.75,1750.75
Ненецкий автономный округ,2020,2919.0,134.0,213.58333333333334,312.0,496.5833333333333,1762.8333333333333
Ненецкий автономный округ,2021,2827.75,130.83333333333334,207.66666666666666,320.3333333333333,453.75,1715.1666666666667
Нижегородская область,2017,300189.8333333333,10556.5,14012.166666666666,18668.0,44603.25,212349.91666666666
Нижегородская область,2018,292650.6666666667,9930.166666666666,14168.333333333334,18850.25,42463.083333333336,207238.83333333334
Нижегородская область,2019,288279.5833333333,9499.25,14331.333333333334,19469.25,40565.833333333336,204413.91666666666
Нижегородская область,2020,280884.75,9302.583333333334,14363.666666666666,19890.583333333332,38199.833333333336,199128.08333333334
Нижегородская область,2021,269291.25,9353.916666666666,14402.25,20265.833333333332,36015.166666666664,189254.08333333334
Новгородская область,2017,63250.833333333336,2287.4166666666665,3564.8333333333335,4644.166666666667,10963.583333333334,41790.833333333336
Новгородская область,2018,60766.166666666664,2089.0,3543.0,4473.333333333333,10189.333333333334,40471.5
Новгородская область,2019,58243.666666666664,1942.9166666666667,3463.8333333333335,4334.666666666667,9195.083333333334,39307.166666666664
Новгородская область,2020,55812.25,1845.8333333333333,3402.1666666666665,4311.916666666667,8401.916666666666,37850.416666666664
Новгородская область,2021,53225.083333333336,1804.5833333333333,3355.5,4388.416666666667,7749.916666666667,35926.666666666664
Новосибирская область,2017,185238.08333333334,9156.666666666666,14377.333333333334,16362.083333333334,33626.25,111715.75
Новосибирская область,2018,173231.25,8144.583333333333,13767.166666666666,15913.0,30010.5,105396.0
Новосибирская область,2019,183277.16666666666,8252.333333333334,14708.833333333334,17493.833333333332,30466.5,112355.66666666667
Новосибирская область,2020,183045.16666666666,8016.25,15011.666666666666,18355.0,29327.166666666668,112335.08333333333
Новосибирская область,2021,180314.08333333334,7925.0,15115.666666666666,19291.083333333332,28183.916666666668,109798.41666666667
Омская область,2017,127808.0,6469.666666666667,10013.166666666666,11343.833333333334,24002.75,75978.58333333333
Омская область,2018,130272.5,6451.25,10592.833333333334,12095.75,23711.25,77421.41666666667
Омская область,2019,126090.08333333333,5861.416666666667,10197.833333333334,12068.166666666666,21875.833333333332,76086.83333333333
Омская область,2020,124630.5,5780.916666666667,10092.0,12424.333333333334,20853.5,75479.75
Омская область,2021,120719.83333333333,5825.75,9894.75,12716.916666666666,19748.5,72533.91666666667
Оренбургская область,2017,199210.5,7702.666666666667,10544.583333333334,13771.75,33662.916666666664,133528.58333333334
Оренбургская область,2018,192551.25,7127.333333333333,10502.166666666666,13295.083333333334,31271.0,130355.66666666667
Оренбургская область,2019,188840.41666666666,6722.25,10516.75,13375.0,29277.75,128948.66666666667
Оренбургская область,2020,184559.5,6538.25,10604.083333333334,13560.916666666666,27473.75,126382.5
Оренбургская область,2021,177664.41666666666,6644.75,10652.0,13791.583333333334,25827.0,120749.08333333333
Орловская область,2017,64363.5,2557.5833333333335,3686.3333333333335,5357.416666666667,12055.916666666666,40706.25
Орловская область,2018,62620.666666666664,2445.5,3650.25,5303.5,11218.25,40003.166666666664
Орловская область,2019,61428.833333333336,2400.4166666666665,3700.4166666666665,5337.75,10477.666666666666,39512.583333333336
Орловская область,2020,59752.75,2343.25,3698.1666666666665,5317.333333333333,9745.333333333334,38648.666666666664
Орловская область,2021,57100.166666666664,2316.0,3620.75,5315.25,9005.666666666666,36842.5
Пензенская область,2017,98086.5,3779.8333333333335,5678.166666666667,8031.25,17358.916666666668,63238.333333333336
Пензенская область,2018,96743.75,3558.8333333333335,5673.25,8065.25,16718.416666666668,62728.0
Пензенская область,2019,96398.08333333333,3351.5833333333335,5695.833333333333,8099.666666666667,16115.666666666666,63135.333333333336
Пензенская область,2020,94817.25,3195.1666666666665,5692.833333333333,8130.25,15331.083333333334,62467.916666666664
Пензенская область,2021,92651.75,3139.6666666666665,5645.0,8290.0,14829.25,60747.833333333336
Пермский край,2017,213914.91666666666,9032.916666666666,13385.083333333334,15633.333333333334,33011.083333333336,142852.5
Пермский край,2018,207247.66666666666,8479.916666666666,13457.25,15760.75,30635.916666666668,138913.83333333334
Пермский край,2019,202773.16666666666,8060.083333333333,13516.5,16151.666666666666,28734.75,136310.16666666666
Пермский край,2020,197570.91666666666,7815.083333333333,13461.75,16658.5,27133.0,132502.58333333334
Пермский край,2021,190384.16666666666,7794.0,13457.0,17080.333333333332,25752.0,126300.83333333333
Приморский край,2017,113293.36363636363,6084.363636363636,9664.0,11612.0,18948.636363636364,66984.36363636363
Приморский край,2018,110658.75,5614.583333333333,9564.5,11763.5,18092.666666666668,65623.5
Приморский край,2019,109685.5,5339.75,9542.0,12129.25,17468.083333333332,65206.416666666664
Приморский край,2020,107706.08333333333,5142.166666666667,9457.333333333334,12393.75,16767.333333333332,63945.5
Приморский край,2021,104235.66666666667,4982.0,9329.666666666666,12554.5,16011.916666666666,61357.583333333336
Псковская область,2017,49813.666666666664,2444.1666666666665,3729.25,4422.25,8503.583333333334,30714.416666666668
Псковская область,2018,48660.083333333336,2246.6666666666665,3760.8333333333335,4471.416666666667,8161.083333333333,30020.083333333332
Псковская область,2019,48171.666666666664,2154.3333333333335,3765.8333333333335,4564.083333333333,7851.583333333333,29835.833333333332
Псковская область,2020,47071.166666666664,2081.0833333333335,3728.1666666666665,4653.75,7482.5,29125.666666666668
Псковская область,2021,45485.083333333336,2042.0,3671.0833333333335,4747.666666666667,7135.916666666667,27888.416666666668
Республика Адыгея,2017,34271.916666666664,1580.1666666666667,2435.9166666666665,3832.0833333333335,7249.25,19174.5
Республика Адыгея,2018,33925.166666666664,1486.25,2517.6666666666665,3815.1666666666665,7083.833333333333,19022.25
Республика Адыгея,2019,33412.416666666664,1442.0,2456.5,3734.8333333333335,6856.583333333333,18922.5
Республика Адыгея,2020,32716.25,1434.4166666666667,2388.6666666666665,3678.4166666666665,6609.666666666667,18605.083333333332
Республика Адыгея,2021,31896.5,1432.75,2363.0833333333335,3697.6666666666665,6292.666666666667,18110.333333333332
Республика Алтай,2017,22718.75,1140.0,1728.9166666666667,2060.25,4376.5,13413.083333333334
Республика Алтай,2018,22216.0,1054.8333333333333,1732.4166666666667,2077.4166666666665,4059.25,13292.083333333334
Республика Алтай,2019,21617.25,958.5,1707.8333333333333,2098.9166666666665,3693.75,13158.25
Республика Алтай,2020,21076.5,899.0833333333334,1676.3333333333333,2132.9166666666665,3385.5833333333335,12982.583333333334
Республика Алтай,2021,20243.166666666668,887.1666666666666,1631.75,2130.8333333333335,3133.5833333333335,12459.833333333334
Республика Башкортостан,2017,263960.4166666667,12222.833333333334,15919.25,20252.583333333332,44906.833333333336,170658.91666666666
Республика Башкортостан,2018,256965.5,11660.666666666666,16233.75,20033.916666666668,43447.583333333336,165589.58333333334
Республика Башкортостан,2019,252701.83333333334,11195.25,16538.0,20255.083333333332,42113.5,162600.0
Республика Башкортостан,2020,246229.08333333334,11001.333333333334,16691.583333333332,20575.75,40388.0,157572.41666666666
Республика Башкортостан,2021,236689.25,11047.916666666666,16718.833333333332,20930.166666666668,38357.0,149635.33333333334
Республика Бурятия,2017,73844.83333333333,4803.5,7179.5,7596.416666666667,14917.666666666666,39347.75
Республика Бурятия,2018,73596.5,4498.75,7274.75,7767.083333333333,14190.166666666666,39865.75
Республика Бурятия,2019,74480.66666666667,4359.5,7355.25,8121.083333333333,13520.666666666666,41124.166666666664
Республика Бурятия,2020,74498.25,4262.666666666667,7306.083333333333,8384.583333333334,12950.083333333334,41594.833333333336
Республика Бурятия,2021,73129.08333333333,4237.583333333333,7164.583333333333,8624.833333333334,12248.75,40853.333333333336
Республика Дагестан,2017,279623.0833333333,37007.833333333336,40717.916666666664,58349.666666666664,73579.25,69968.41666666667
Республика Дагестан,2018,290392.5,37246.083333333336,43568.083333333336,59669.5,75833.16666666667,74075.66666666667
Республика Дагестан,2019,299620.0,36496.083333333336,43853.5,59422.5,78709.83333333333,81138.08333333333
Республика Дагестан,2020,305467.9166666667,36004.25,44953.916666666664,59120.416666666664,79320.83333333333,86068.5
Республика Дагестан,2021,309189.5,35818.666666666664,46067.25,58791.333333333336,78331.0,90181.25
Республика Ингушетия,2017,50007.0,5800.166666666667,6100.5,12172.666666666666,14884.75,11048.916666666666
Республика Ингушетия,2018,51145.5,6050.75,6170.5,11939.833333333334,15108.5,11875.916666666666
Республика Ингушетия,2019,56611.5,6520.5,7058.416666666667,13016.666666666666,16497.75,13518.166666666666
Республика Ингушетия,2020,58205.0,6904.666666666667,7225.333333333333,12846.833333333334,16541.583333333332,14686.583333333334
Республика Ингушетия,2021,59783.166666666664,7456.75,7502.666666666667,12629.416666666666,16494.666666666668,15699.666666666666
Республика Калмыкия,2017,21815.083333333332,1988.5833333333333,1905.0,2283.5,5390.166666666667,10247.833333333334
Республика Калмыкия,2018,21429.916666666668,1857.3333333333333,1890.75,2169.4166666666665,5137.25,10375.166666666666
Республика Калмыкия,2019,21396.75,1799.5833333333333,1947.25,2160.75,4920.416666666667,10568.75
Республика Калмыкия,2020,21230.166666666668,1728.4166666666667,1974.5833333333333,2155.75,4641.583333333333,10729.833333333334
Республика Калмыкия,2021,20824.833333333332,1681.25,1980.25,2205.5833333333335,4332.083333333333,10625.666666666666
Республика Карелия,2017,64917.25,2197.25,3172.8333333333335,4193.5,8543.166666666666,46810.5
Республика Карелия,2018,62833.666666666664,2094.5,3155.3333333333335,4222.083333333333,8172.083333333333,45189.666666666664
Республика Карелия,2019,61680.083333333336,2020.5,3211.5833333333335,4368.583333333333,7831.75,44247.666666666664
Республика Карелия,2020,59986.416666666664,1999.6666666666667,3270.6666666666665,4454.5,7499.583333333333,42762.0
Республика Карелия,2021,57095.416666666664,1965.0,3277.5833333333335,4547.416666666667,7075.5,40229.916666666664
Республика Коми,2017,64113.333333333336,3302.5,5396.666666666667,6343.916666666667,12880.916666666666,36189.333333333336
Республика Коми,2018,62815.583333333336,3038.1666666666665,5414.333333333333,6321.833333333333,12041.75,35999.5
Республика Коми,2019,62398.166666666664,2876.4166666666665,5380.583333333333,6393.416666666667,11373.583333333334,36374.166666666664
Республика Коми,2020,61183.083333333336,2768.0833333333335,5191.833333333333,6473.166666666667,10615.083333333334,36134.916666666664
Республика Коми,2021,59440.666666666664,2763.5,4999.0,6557.083333333333,9952.583333333334,35168.5
Республика Крым,2017,123691.66666666667,6075.75,10615.166666666666,15608.583333333334,30587.0,60805.166666666664
Республика Крым,2018,123717.33333333333,5589.916666666667,10622.083333333334,15514.25,29364.833333333332,62626.25
Республика Крым,2019,124125.58333333333,5176.166666666667,10574.75,15452.666666666666,28143.833333333332,64778.166666666664
Республика Крым,2020,123994.75,4893.75,10527.666666666666,15396.583333333334,27031.75,66145.0
Республика Крым,2021,122636.91666666667,4854.583333333333,10314.416666666666,15506.5,25865.0,66096.41666666667
Республика Марий Эл,2017,64752.75,2997.3333333333335,3789.0,4710.5,11949.333333333334,41306.583333333336
Республика Марий Эл,2018,63430.583333333336,2829.3333333333335,3888.0833333333335,4661.25,11252.166666666666,40799.75
Республика Марий Эл,2019,62793.416666666664,2699.4166666666665,3957.3333333333335,4786.916666666667,10630.75,40719.0
Республика Марий Эл,2020,61341.5,2546.3333333333335,3947.5833333333335,4875.0,9860.25,40112.333333333336
Республика Марий Эл,2021,59123.25,2491.0833333333335,3930.25,4895.666666666667,9115.083333333334,38691.166666666664
Республика Мордовия,2017,71481.16666666667,2744.9166666666665,4020.5,6193.75,14876.0,43646.0
Республика Мордовия,2018,70346.25,2554.9166666666665,4031.75,6009.0,14031.666666666666,43718.916666666664
Республика Мордовия,2019,69570.91666666667,2414.9166666666665,4021.5833333333335,5870.416666666667,13203.083333333334,44060.916666666664
Республика Мордовия,2020,67630.0,2281.6666666666665,3969.1666666666665,5714.416666666667,12245.75,43419.0
Республика Мордовия,2021,64958.166666666664,2211.5,3888.3333333333335,5647.916666666667,11322.083333333334,41888.333333333336
Республика Саха (Якутия),2017,51465.583333333336,4485.0,5433.666666666667,6983.666666666667,12462.083333333334,22101.166666666668
Республика Саха (Якутия),2018,51579.75,4306.583333333333,5531.5,6955.416666666667,11991.75,22794.5
Республика Саха (Якутия),2019,53252.666666666664,4172.833333333333,5581.25,7037.583333333333,11770.416666666666,24690.583333333332
Республика Саха (Якутия),2020,53133.25,4114.166666666667,5569.833333333333,6985.166666666667,11245.416666666666,25218.666666666668
Республика Саха (Якутия),2021,52181.0,4146.75,5546.916666666667,6980.916666666667,10573.416666666666,24933.0
Республика Северная Осетия - Алания,2017,67368.58333333333,3471.8333333333335,4217.083333333333,7678.083333333333,14965.833333333334,37035.75
Республика Северная Осетия - Алания,2018,66773.25,3353.3333333333335,4248.666666666667,7483.666666666667,14679.416666666666,37008.166666666664
Республика Северная Осетия - Алания,2019,65987.5,3184.3333333333335,4286.25,7209.166666666667,14145.583333333334,37162.166666666664
Республика Северная Осетия - Алания,2020,58901.5,2595.5833333333335,3701.9166666666665,5846.916666666667,11963.666666666666,34793.416666666664
Республика Северная Осетия - Алания,2021,54691.5,2254.1666666666665,3448.9166666666665,5338.166666666667,10655.916666666666,32994.333333333336
Республика Татарстан,2017,288897.5,13899.166666666666,17355.833333333332,25309.666666666668,59321.0,173011.83333333334
Республика Татарстан,2018,284570.0,13126.416666666666,17593.833333333332,24770.416666666668,56649.583333333336,172429.75
Республика Татарстан,2019,283722.9166666667,12538.0,18195.5,24654.5,54126.583333333336,174208.33333333334
Республика Татарстан,2020,279579.8333333333,12156.666666666666,18498.083333333332,24617.583333333332,51185.583333333336,173121.91666666666
Республика Татарстан,2021,272816.25,12151.666666666666,18735.5,24743.083333333332,48403.75,168782.25
Республика Тыва,2017,20380.583333333332,2083.3333333333335,2942.5,4298.25,4877.666666666667,6178.833333333333
Республика Тыва,2018,20518.75,2019.4166666666667,2915.4166666666665,4235.25,4977.833333333333,6370.833333333333
Республика Тыва,2019,20842.333333333332,1938.8333333333333,2891.75,4223.833333333333,5089.0,6698.916666666667
Республика Тыва,2020,20862.333333333332,1884.0,2862.9166666666665,4161.083333333333,5113.25,6841.083333333333
Республика Тыва,2021,20845.666666666668,1898.5833333333333,2862.5,4107.5,5037.25,6939.833333333333
Республика Хакасия,2017,28683.833333333332,1729.3333333333333,2802.9166666666665,2842.1666666666665,5350.5,15958.916666666666
Республика Хакасия,2018,28134.333333333332,1595.1666666666667,2781.3333333333335,2874.0833333333335,5044.666666666667,15839.083333333334
Республика Хакасия,2019,27553.333333333332,1497.0,2759.8333333333335,2956.1666666666665,4674.0,15666.333333333334
Республика Хакасия,2020,27075.25,1469.0,2749.8333333333335,3093.1666666666665,4381.916666666667,15381.333333333334
Республика Хакасия,2021,26370.333333333332,1492.25,2676.0,3240.6666666666665,4127.0,14834.416666666666
Ростовская область,2017,362963.5833333333,18569.25,31312.916666666668,44608.416666666664,84241.91666666667,184231.08333333334
Ростовская область,2018,355260.0833333333,16542.666666666668,30436.666666666668,43198.0,80310.58333333333,184772.16666666666
Ростовская область,2019,352932.0833333333,15465.0,30880.5,43261.416666666664,76851.41666666667,186473.75
Ростовская область,2020,347545.4166666667,14378.916666666666,30113.166666666668,42774.083333333336,73258.41666666667,187020.83333333334
Ростовская область,2021,340176.4166666667,13836.75,29434.916666666668,42959.333333333336,69500.08333333333,184445.33333333334
Рязанская область,2017,136851.08333333334,4232.583333333333,6349.416666666667,9724.083333333334,24622.333333333332,91922.66666666667
Рязанская область,2018,133304.0,3959.8333333333335,6324.0,9401.25,22763.416666666668,90855.5
Рязанская область,2019,131707.08333333334,3782.9166666666665,6374.916666666667,9410.5,21291.083333333332,90847.66666666667
Рязанская область,2020,128417.0,3633.75,6297.916666666667,9406.416666666666,19757.833333333332,89321.08333333333
Рязанская область,2021,123210.08333333333,3584.0,6180.833333333333,9440.5,18208.333333333332,85796.41666666667
Самарская область,2017,220708.58333333334,9385.25,14395.75,20679.833333333332,44659.0,131588.75
Самарская область,2018,214693.16666666666,8770.583333333334,14357.0,20334.166666666668,41638.166666666664,129593.25
Самарская область,2019,210948.0,8243.5,14458.75,20187.0,38915.75,129143.0
Самарская область,2020,207203.5,8070.916666666667,14553.25,20356.0,36667.25,127556.08333333333
Самарская область,2021,201492.75,8172.416666666667,14660.083333333334,20678.0,34736.666666666664,123245.58333333333
Санкт-Петербург,2017,612952.6666666666,13805.833333333334,19191.25,27040.416666666668,65920.91666666667,486994.25
Санкт-Петербург,2018,595871.5833333334,13262.416666666666,19692.25,27493.5,62437.5,472985.9166666667
Санкт-Петербург,2019,580595.75,12656.75,20153.583333333332,28180.916666666668,59536.0,460068.5
Санкт-Петербург,2020,561072.1666666666,12656.916666666666,20622.166666666668,28600.833333333332,56502.0,442690.25
Санкт-Петербург,2021,532725.9166666666,13099.583333333334,20797.166666666668,29037.666666666668,53327.166666666664,416464.3333333333
Саратовская область,2017,138378.83333333334,6839.666666666667,9673.083333333334,13251.583333333334,26686.166666666668,81928.33333333333
Саратовская область,2018,137101.25,6454.25,9864.75,13355.916666666666,25967.833333333332,81458.5
Саратовская область,2019,136583.33333333334,6194.083333333333,10071.666666666666,13557.916666666666,25296.083333333332,81463.58333333333
Саратовская область,2020,134891.75,5982.333333333333,10105.333333333334,13748.666666666666,24420.75,80634.66666666667
Саратовская область,2021,131070.41666666667,5833.75,10068.666666666666,13908.083333333334,23293.833333333332,77966.08333333333
Сахалинская область,2017,21680.666666666668,1503.1666666666667,2193.4166666666665,2467.4166666666665,3533.0833333333335,11983.583333333334
Сахалинская область,2018,21338.75,1407.1666666666667,2213.1666666666665,2569.4166666666665,3408.0,11741.0
Сахалинская область,2019,21589.166666666668,1364.8333333333333,2176.3333333333335,2687.0,3383.6666666666665,11977.333333333334
Сахалинская область,2020,21507.333333333332,1360.8333333333333,2154.8333333333335,2800.1666666666665,3321.9166666666665,11869.583333333334
Сахалинская область,2021,21093.916666666668,1409.6666666666667,2119.3333333333335,2886.5833333333335,3222.8333333333335,11455.5
Свердловская область,2017,278077.3333333333,14232.75,21881.583333333332,24569.5,45204.5,172189.0
Свердловская область,2018,273568.5,13523.416666666666,22208.75,25262.25,43297.416666666664,169276.66666666666
Свердловская область,2019,272978.6666666667,13087.5,22657.75,26490.083333333332,42095.666666666664,168647.66666666666
Свердловская область,2020,270052.25,12913.25,22738.166666666668,27707.666666666668,40483.666666666664,166209.5
Свердловская область,2021,263088.1666666667,12984.0,22390.833333333332,28694.833333333332,38907.166666666664,160111.33333333334
Севастополь,2017,19600.666666666668,824.8333333333334,1473.6666666666667,1957.3333333333333,3559.0833333333335,11785.75
Севастополь,2018,19857.5,772.3333333333334,1496.4166666666667,2018.3333333333333,3457.0833333333335,12113.333333333334
Севастополь,2019,20194.5,767.75,1512.4166666666667,2056.6666666666665,3373.1666666666665,12484.5
Севастополь,2020,20424.0,763.5833333333334,1487.3333333333333,2121.75,3283.4166666666665,12767.916666666666
Севастополь,2021,20742.333333333332,798.5,1463.25,2182.25,3196.25,13102.083333333334
Смоленская область,2017,78519.33333333333,3404.5833333333335,5248.666666666667,6913.916666666667,15065.916666666666,47886.25
Смоленская область,2018,76470.58333333333,3153.9166666666665,5216.5,6907.166666666667,14157.083333333334,47035.916666666664
Смоленская область,2019,75135.66666666667,2926.0,5269.916666666667,6980.416666666667,13344.75,46614.583333333336
Смоленская область,2020,73240.0,2707.5,5277.583333333333,6986.75,12580.833333333334,45687.333333333336
Смоленская область,2021,70308.66666666667,2632.25,5165.25,6987.5,11733.25,43790.416666666664
Ставропольский край,2017,219634.18181818182,9949.09090909091,14740.545454545454,22818.18181818182,49129.72727272727,122996.63636363637
Ставропольский край,2018,214758.5,9577.0,14570.583333333334,22027.0,46493.083333333336,122090.83333333333
Ставропольский край,2019,213210.75,9330.0,14625.75,22060.333333333332,44755.416666666664,122439.25
Ставропольский край,2020,209674.16666666666,9228.0,14412.916666666666,21900.5,42445.833333333336,121686.91666666667
Ставропольский край,2021,205115.25,9372.0,14332.583333333334,21986.75,40009.583333333336,119414.33333333333
Тамбовская область,2017,114763.5,3326.0833333333335,5740.416666666667,9559.25,21422.583333333332,74715.16666666667
Тамбовская область,2018,111268.83333333333,3104.6666666666665,5807.333333333333,9415.583333333334,20211.416666666668,72729.83333333333
Тамбовская область,2019,109721.75,3021.5,5878.416666666667,9700.083333333334,19306.166666666668,71815.58333333333
Тамбовская область,2020,107306.25,2946.6666666666665,5808.833333333333,9912.416666666666,18408.416666666668,70229.91666666667
Тамбовская область,2021,103439.08333333333,2950.3333333333335,5700.166666666667,9907.916666666666,17459.416666666668,67421.25
Тверская область,2017,101424.66666666667,4129.833333333333,6287.916666666667,8168.666666666667,18541.916666666668,64296.333333333336
Тверская область,2018,98550.5,3859.1666666666665,6159.25,8077.666666666667,17427.333333333332,63027.083333333336
Тверская область,2019,97678.08333333333,3707.8333333333335,6225.0,8273.833333333334,16811.416666666668,62660.0
Тверская область,2020,95538.83333333333,3637.1666666666665,6184.083333333333,8349.166666666666,15821.416666666666,61547.0
Тверская область,2021,91818.5,3620.0833333333335,6129.5,8397.416666666666,14671.5,59000.0
Томская область,2017,54354.25,3147.3333333333335,4683.25,4934.083333333333,9724.166666666666,31865.416666666668
Томская область,2018,66716.91666666667,3932.4166666666665,6034.833333333333,6447.583333333333,11482.166666666666,38819.916666666664
Томская область,2019,55384.5,3013.75,5082.833333333333,5709.0,9106.416666666666,32472.5
Томская область,2020,62138.0,3535.5,5817.25,7263.416666666667,10679.416666666666,34842.416666666664
Томская область,2021,64222.083333333336,3953.5,6153.5,7993.916666666667,10961.583333333334,35159.583333333336
Тульская область,2017,152246.66666666666,5769.75,9077.0,14282.333333333334,29717.083333333332,93400.5
Тульская область,2018,148795.5,5379.333333333333,8965.583333333334,14008.5,27752.5,92689.58333333333
Тульская область,2019,147285.91666666666,5117.333333333333,8943.916666666666,14038.666666666666,26109.25,93076.75
Тульская область,2020,144234.25,4838.75,8901.083333333334,13876.083333333334,24534.5,92083.83333333333
Тульская область,2021,139857.33333333334,4726.416666666667,8768.0,13859.416666666666,23295.916666666668,89207.58333333333
Тюменская область,2017,95182.08333333333,5225.25,7292.5,7712.166666666667,16688.5,58263.666666666664
Тюменская область,2018,94073.58333333333,4976.5,7440.583333333333,7830.333333333333,15772.416666666666,58053.75
Тюменская область,2019,93419.83333333333,4765.583333333333,7559.75,8000.416666666667,15003.166666666666,58090.916666666664
Тюменская область,2020,92296.16666666667,4626.166666666667,7607.166666666667,8294.75,14158.916666666666,57609.166666666664
Тюменская область,2021,89621.5,4598.416666666667,7615.666666666667,8574.75,13222.416666666666,55610.25
Удмуртская Республика,2017,107001.16666666667,4932.916666666667,7918.833333333333,9345.666666666666,20526.166666666668,64277.583333333336
Удмуртская Республика,2018,105286.5,4607.083333333333,7902.5,9397.25,19351.916666666668,64027.75
Удмуртская Республика,2019,104181.08333333333,4418.75,7817.0,9504.75,18203.916666666668,64236.666666666664
Удмуртская Республика,2020,102342.5,4319.416666666667,7618.833333333333,9676.833333333334,17003.916666666668,63723.5
Удмуртская Республика,2021,99446.58333333333,4375.5,7467.5,9932.166666666666,15837.5,61833.916666666664
Ульяновская область,2017,114737.58333333333,4774.583333333333,6964.416666666667,9318.166666666666,23024.833333333332,70655.58333333333
Ульяновская область,2018,112299.0,4446.75,7033.5,9100.416666666666,21626.416666666668,70091.91666666667
Ульяновская область,2019,111549.25,4291.583333333333,7069.833333333333,9188.0,20511.0,70488.83333333333
Ульяновская область,2020,109309.5,4091.3333333333335,7101.0,9194.916666666666,19298.166666666668,69624.08333333333
Ульяновская область,2021,105709.0,4037.4166666666665,7032.333333333333,9297.166666666666,18025.416666666668,67316.66666666667
Хабаровский край,2017,69928.0,3899.4545454545455,5907.636363636364,7152.909090909091,10811.727272727272,42156.27272727273
Хабаровский край,2018,68112.66666666667,3644.3333333333335,5786.833333333333,7285.916666666667,10372.75,41022.833333333336
Хабаровский край,2019,67589.5,3471.75,5718.25,7376.416666666667,10122.333333333334,40900.75
Хабаровский край,2020,65669.5,3413.0,5593.0,7445.333333333333,9688.333333333334,39529.833333333336
Хабаровский край,2021,63298.75,3489.3333333333335,5506.916666666667,7545.75,9420.416666666666,37336.333333333336
Ханты-Мансийский автономный округ,2017,47381.916666666664,4067.75,5428.333333333333,5731.5,12158.5,19995.833333333332
Ханты-Мансийский автономный округ,2018,48164.833333333336,3983.0,5624.75,5946.333333333333,11727.666666666666,20883.083333333332
Ханты-Мансийский автономный округ,2019,52376.583333333336,3916.75,5782.75,6454.75,11406.25,24816.083333333332
Ханты-Мансийский автономный округ,2020,52983.333333333336,3900.25,5861.75,6708.916666666667,10866.333333333334,25646.083333333332
Ханты-Мансийский автономный округ,2021,52900.833333333336,3958.0833333333335,5878.083333333333,6991.416666666667,10282.666666666666,25790.583333333332
Челябинская область,2017,225776.91666666666,11473.0,15244.166666666666,18098.5,37878.166666666664,143083.08333333334
Челябинская область,2018,221506.16666666666,11012.416666666666,15337.666666666666,18254.083333333332,35772.25,141129.75
Челябинская область,2019,220403.66666666666,10771.416666666666,15626.333333333334,18795.833333333332,34329.416666666664,140880.66666666666
Челябинская область,2020,217776.75,10640.833333333334,15834.833333333334,19422.083333333332,32917.5,138961.5
Челябинская область,2021,211679.66666666666,10725.916666666666,15894.666666666666,20154.25,31266.25,133638.58333333334
Чеченская Республика,2017,143754.41666666666,21767.75,32299.083333333332,35913.5,32822.166666666664,20951.916666666668
Чеченская Республика,2018,151344.25,22554.0,34600.75,37331.833333333336,33843.916666666664,23013.75
Чеченская Республика,2019,162342.08333333334,23763.25,37518.416666666664,39517.583333333336,35446.583333333336,26096.25
Чеченская Республика,2020,169851.33333333334,24893.25,39461.833333333336,41117.0,36123.333333333336,28255.916666666668
Чеченская Республика,2021,177223.58333333334,26904.333333333332,41237.916666666664,42629.666666666664,36485.0,29966.666666666668
Чувашская Республика,2017,80409.25,3924.75,5113.416666666667,7502.333333333333,15210.75,48658.0
Чувашская Республика,2018,79259.58333333333,3727.0833333333335,5103.583333333333,7353.166666666667,14522.0,48553.75
Чувашская Республика,2019,77992.0,3547.5,5107.416666666667,7113.25,13596.916666666666,48626.916666666664
Чувашская Республика,2020,76296.41666666667,3492.6666666666665,5147.5,7028.666666666667,12938.0,47689.583333333336
Чувашская Республика,2021,74283.66666666667,3502.1666666666665,5186.666666666667,7122.083333333333,12530.25,45942.5
Чукотский автономный округ,2017,1555.75,168.75,228.08333333333334,263.1666666666667,401.0833333333333,494.6666666666667
Чукотский автономный округ,2018,1572.6666666666667,173.58333333333334,229.08333333333334,263.75,390.3333333333333,515.9166666666666
Чукотский автономный округ,2019,1639.25,176.66666666666666,227.83333333333334,274.9166666666667,395.0833333333333,564.75
Чукотский автономный округ,2020,1631.1666666666667,173.5,220.66666666666666,285.1666666666667,388.5,563.3333333333334
Чукотский автономный округ,2021,1645.9166666666667,180.5,218.66666666666666,290.8333333333333,377.8333333333333,578.0833333333334
Ямало-Ненецкий автономный округ,2017,13443.833333333334,1300.5833333333333,1354.75,1674.0,3591.8333333333335,5522.666666666667
Ямало-Ненецкий автономный округ,2018,13471.75,1256.5,1417.5,1674.3333333333333,3391.8333333333335,5731.583333333333
Ямало-Ненецкий автономный округ,2019,13558.666666666666,1218.8333333333333,1436.75,1725.4166666666667,3251.0,5926.666666666667
Ямало-Ненецкий автономный округ,2020,13755.25,1254.75,1475.0,1768.5,3082.75,6174.25
Ямало-Ненецкий автономный округ,2021,13883.833333333334,1298.9166666666667,1507.0,1801.4166666666667,2970.5,6306.0
Ярославская область,2017,110406.66666666667,3043.25,5202.333333333333,7547.583333333333,16271.666666666666,78341.83333333333
Ярославская область,2018,106156.91666666667,2850.25,5168.666666666667,7438.416666666667,15252.166666666666,75447.41666666667
Ярославская область,2019,102439.5,2687.75,5107.5,7362.916666666667,14278.5,73002.83333333333
Ярославская область,2020,98607.75,2639.9166666666665,5073.583333333333,7377.583333333333,13507.583333333334,70009.08333333333
Ярославская область,2021,93582.5,2670.1666666666665,5006.0,7445.416666666667,12710.166666666666,65750.75
